{"cameraMode":{"drawMode":0,"name":"Shaded","section":"Shading Mode"},"sceneLighting":false,"audioPlay":false,"sceneViewState":{"showFog":true,"showMaterialUpdate":false,"showSkybox":true,"showFlares":true,"showImageEffects":true,"showParticleSystems":true},"in2DMode":false,"pivot":{"x":0.5642727017402649,"y":1.3333852291107178,"z":-3.1471424102783205},"rotation":{"x":0.07989784330129624,"y":0.7612897753715515,"z":-0.09546983242034912,"w":0.6364230513572693},"size":0.7261995673179627,"orthographic":false}