{"cameraMode":{"drawMode":0,"name":"Shaded","section":"Shading Mode"},"sceneLighting":false,"audioPlay":false,"sceneViewState":{"showFog":true,"showMaterialUpdate":false,"showSkybox":true,"showFlares":true,"showImageEffects":true,"showParticleSystems":true},"in2DMode":false,"pivot":{"x":0.7804285287857056,"y":1.9981110095977784,"z":-3.0869243144989015},"rotation":{"x":0.07325348258018494,"y":0.914000391960144,"z":-0.19078996777534486,"w":0.35061585903167727},"size":1.3261995315551758,"orthographic":false}