{"cameraMode":{"drawMode":0,"name":"Shaded","section":"Shading Mode"},"sceneLighting":false,"audioPlay":false,"sceneViewState":{"showFog":true,"showMaterialUpdate":false,"showSkybox":false,"showFlares":true,"showImageEffects":true,"showParticleSystems":true},"in2DMode":false,"pivot":{"x":-1.908901333808899,"y":-17.150548934936525,"z":-1.2041714191436768},"rotation":{"x":-0.31784284114837649,"y":0.6587867140769959,"z":-0.5780333876609802,"w":-0.36189794540405276},"size":8.74350643157959,"orthographic":false}