{"cameraMode":{"drawMode":0,"name":"Shaded","section":"Shading Mode"},"sceneLighting":false,"audioPlay":false,"sceneViewState":{"showFog":true,"showMaterialUpdate":false,"showSkybox":true,"showFlares":true,"showImageEffects":true,"showParticleSystems":true},"in2DMode":false,"pivot":{"x":412.1773681640625,"y":146.54730224609376,"z":14.914789199829102},"rotation":{"x":-0.3313872516155243,"y":0.016379814594984056,"z":-0.0058980658650398258,"w":-0.9433942437171936},"size":178.73919677734376,"orthographic":false}